,slope,delta_slope
0,0.19628563000000004,0.0008712896266744915
