,slope,delta_slope
0,0.009787260004447386,0.0005735953778910376
