,slope,delta_slope
0,0.009996071982119836,0.0012202558667304656
