n,2ğ› (deg),âˆ†_2ğ›,ğ› (deg),âˆ†_ğ›,sin(ğ›) (rad),âˆ†_sinğ›
1,44.1499,0.0088,22.07495,0.0044,0.37581914,0.00407745
2,45.32,0.0028,22.66,0.0014,0.3852619,0.00129193
3,46.5771,0.0014,23.28855,0.0007,0.39536195,0.00064297