n,2ğ› (deg),âˆ†_2ğ›,ğ› (deg),âˆ†_ğ›,sin(ğ›) (rad),âˆ†_sinğ›
1,19.6133,0.0082,9.80665,0.0041,0.17032387,0.00404009
2,20.6089,0.0089,10.30445,0.00445,0.17887863,0.00437823
3,21.8337,0.0018,10.91685,0.0009,0.18938422,0.00088371
4,22.9659,0.0012,11.48295,0.0006,0.19907632,0.00058799
5,24.1544,0.0021,12.0772,0.00105,0.20922945,0.00102676
6,24.7993,0.0123,12.39965,0.00615,0.21472936,0.00600654