n,2ğ› (deg),âˆ†_2ğ›,ğ› (deg),âˆ†_ğ›,sin(ğ›) (rad),âˆ†_sinğ›
1,22.9659,0.0012,11.48295,0.0006,0.19907632,0.00058799
2,46.5771,0.0014,23.28855,0.0007,0.39536195,0.00064297