,slope,delta_slope
0,0.19707666000000001,0.0011476334895470408
