n,2ğ› (deg),âˆ†_2ğ›,ğ› (deg),âˆ†_ğ›,sin(ğ›) (rad),âˆ†_sinğ›
1,22.8855,0.002,11.44275,0.001,0.19838869,0.00098012
2,46.59,0.0013,23.295,0.00065,0.39546535,0.00059701