,slope,delta_slope
0,0.005857815383255639,0.0005454229319448645
