,slope,delta_slope
0,0.006466475879125329,0.0012187880503218423
