n,2ğ› (deg),âˆ†_2ğ›,ğ› (deg),âˆ†_ğ›,sin(ğ›) (rad),âˆ†_sinğ›
1,20.1525,0.0141,10.07625,0.00705,0.17495862,0.00694126
2,21.5173,0.006,10.75865,0.003,0.18667236,0.00294727
3,22.1221,0.0045,11.06105,0.00225,0.19185483,0.0022082
4,22.8855,0.002,11.44275,0.001,0.19838869,0.00098012