,slope,delta_slope
0,0.006100217783933578,0.0013783920217993605
