n,2ğ› (deg),âˆ†_2ğ›,ğ› (deg),âˆ†_ğ›,sin(ğ›) (rad),âˆ†_sinğ›
1,22.8324,0.0028,11.4162,0.0014,0.1979345,0.0013723
2,46.4683,0.0014,23.23415,0.0007,0.39448967,0.00064323