,slope,delta_slope
0,0.19655516999999997,0.001515569905774106
