n,2ğ› (deg),âˆ†_2ğ›,ğ› (deg),âˆ†_ğ›,sin(ğ›) (rad),âˆ†_sinğ›
1,43.2756,0.0124,21.6378,0.0062,0.36873788,0.00576311
2,44.392,0.0104,22.196,0.0052,0.37777615,0.00481466
3,45.3961,0.0013,22.69805,0.00065,0.38587464,0.00059966
4,46.4683,0.0014,23.23415,0.0007,0.39448967,0.00064323