,slope,delta_slope
0,0.008590165160935966,0.0007993502545156458
