,slope,delta_slope
0,0.008472480816064531,0.0009635613836135673
