n,2ğ› (deg),âˆ†_2ğ›,ğ› (deg),âˆ†_ğ›,sin(ğ›) (rad),âˆ†_sinğ›
1,22.7363,0.0019,11.36815,0.00095,0.1971124,0.0003458
2,46.0181,0.0014,23.00905,0.0007,0.3908765,0.0006443