n,2ğ› (deg),âˆ†_2ğ›,ğ› (deg),âˆ†_ğ›,sin(ğ›) (rad),âˆ†_sinğ›
1,22.1687,0.0162,11.08435,0.0081,0.1922539,0.0079489
2,22.7363,0.0019,11.36815,0.00095,0.1971124,0.0009314