,slope,delta_slope
0,0.005069895866657797,0.0008162155677859894
