,slope,delta_slope
0,0.004858499999999968,0.008003285718470587
