,slope,delta_slope
0,0.19376410000000002,0.0007312319268353195
