,slope,delta_slope
0,0.1964094,0.0010395497637668656
