,slope,delta_slope
0,0.0050858263245824285,0.00042415641891328034
