,slope,delta_slope
0,0.00623107356315333,0.0007294537357007032
