,slope,delta_slope
0,0.006865914378852311,0.0015122152398834264
