,slope,delta_slope
0,0.1950856,0.001414214372761069
