,2ğ› (deg),âˆ†_2ğ›,ğ›,âˆ†_ğ›,sin(ğ›) (rad),âˆ†_sinğ›
1,21.6126,0.0097,10.8063,0.00485,0.18748932,0.005
2,22.3191,0.0097,11.15955,0.00485,0.19354176,0.005
3,23.0693,0.0021,11.53465,0.00105,0.19996051,0.001
4,23.938,0.0045,11.969,0.00225,0.20738243,0.002