,slope,delta_slope
0,0.00681483027662914,0.0006416888603040071
