n,2ğ› (deg),âˆ†_2ğ›,ğ›,âˆ†_ğ›,sin(ğ›) (rad),âˆ†_sinğ›
1,44.6615,0.0028,0.37995265,0.003,0.37995265,0.003
2,45.5609,0.00115,0.38720101,0.001,0.38720101,0.001
3,46.5377,0.001,0.39504611,0.001,0.39504611,0.001
4,47.2408,0.00115,0.40067528,0.001,0.40067528,0.001